Role,Education,Skills,Certifications,Experience,Foundational Skills,Intermediate Skills,Advanced Skills
Database Administrator,"Bachelor's degree in Computer Science, Information Technology, or a related field.","Database management systems (e.g., Oracle, MySQL, SQL Server).
       SQL querying and optimization.
       Data modeling and database design.
       Backup and recovery procedures."," Oracle Certified Professional (OCP), Microsoft Certified: Azure Database Administrator Associate, etc.","Gain hands-on experience through internships or entry-level positions.
 Progress to roles with increasing responsibility, managing larger databases.

","Learn SQL for database querying.
      Understand database design principles.
      Familiarize yourself with relational database management systems (RDBMS).","Gain proficiency in a specific RDBMS (e.g., MySQL, PostgreSQL, Oracle).
      Learn about database optimization and performance tuning.
      Understand backup and recovery procedures.","Explore NoSQL databases (e.g., MongoDB, Cassandra).
      Acquire knowledge of cloud databases (e.g., AWS RDS, Azure SQL Database).
      Obtain relevant certifications (e.g., Oracle Certified Professional)."
Hardware Engineer,"Bachelor's degree in Electrical Engineering, Computer Engineering, or a related field.","Hardware design and testing.
 Knowledge of computer architecture.
  Familiarity with electronic components.
 Troubleshooting hardware issues.","CompTIA A+, CompTIA Network+, etc."," Start with entrylevel positions in hardware support or testing.
 Progress to design and development roles.","Develop a strong understanding of computer hardware components.
      Learn about basic electronics and digital circuits.","      Gain proficiency in computer architecture.
      Understand networking principles and protocols.
      Learn about embedded systems.","      Specialize in hardware design and development.
      Stay updated on emerging technologies (e.g., IoT, edge computing).
      Obtain relevant certifications (e.g., CompTIA A+)."
Application Support Engineer,"Bachelor's degree in Computer Science, Information Technology, or a related field.","Application troubleshooting and support.
       Understanding of software architecture.
       Strong communication skills.
","ITIL Foundation, Microsoft Certified: Azure Fundamentals, etc.","Gain experience in customer support or technical support roles.
       Progress to roles involving more complex applications.","Learn the basics of software applications.
      Develop strong troubleshooting skills."," Gain proficiency in application deployment and configuration.
      Understand system integrations.","      Specialize in supporting specific software or platforms.
      Develop scripting and automation skills.
      Obtain relevant certifications (e.g., ITIL Foundation)."
Cyber Security Specialist,"Bachelor's or Master's degree in Cybersecurity, Information Security, or a related field."," Network security, cryptography, and ethical hacking.
Security frameworks (e.g., NIST, ISO 27001).
Security incident response.","Certified Information Systems Security Professional (CISSP), Certified Ethical Hacker (CEH), etc."," Gain experience in entrylevel security roles.
       Progress to roles involving advanced threat detection and response."," Understand basic security principles.
      Learn about common cybersecurity threats.","Gain proficiency in network security.
      Learn about ethical hacking and penetration testing.
      Understand security policies and compliance.","Specialize in a specific cybersecurity domain (e.g., cloud security, IoT security).
      Stay updated on threat intelligence.
      Obtain relevant certifications (e.g., CISSP, CompTIA Security+)."
Networking Engineer,"Bachelor's degree in Computer Science, Information Technology, or a related field.","  Routing and switching protocols.
  Network design and implementation.
  Troubleshooting network issues.","Cisco Certified Network Associate (CCNA), CompTIA Network+, etc.","      Start with entrylevel networking roles.
       Progress to roles involving more complex network infrastructure."," Learn networking fundamentals.
      Understand TCP/IP protocols.","      Gain proficiency in configuring routers and switches.
      Learn about network security.
      Understand VPNs and VLANs.","      Specialize in a specific networking domain (e.g., wireless networking).
      Gain expertise in network design and optimization.
      Obtain relevant certifications (e.g., Cisco CCNA, CompTIA Network+)."
Software Developer, Bachelor's degree in Computer Science or a related field.," Proficiency in programming languages (e.g., Java, Python, JavaScript).
       Software development methodologies (e.g., Agile, Scrum).
       Version control systems (e.g., Git)."," None mandatory, but certifications in specific languages or frameworks can be beneficial.","Gain experience through internships or junior development roles.
       Build a portfolio of projects showcasing your skills.","      Learn a programming language (e.g., Python, Java, JavaScript).
      Understand software development principles.","      Gain proficiency in a specific framework or technology stack.
      Learn about version control (e.g., Git).
      Understand software testing.","      Specialize in a specific development area (e.g., web development, mobile app development).
      Learn about containerization and microservices.
      Contribute to opensource projects."
API Specialist,Similar to a Software Developer.,"API design and implementation.
       RESTful and GraphQL APIs.
       Authentication and authorization mechanisms."," None mandatory, but APIspecific certifications can be useful.","Gain experience as a software developer with a focus on API development.
       Work on projects involving API integrations.","      Understand RESTful API principles.
      Learn about API documentation.
","      Gain proficiency in API design and development.
      Learn about API security.
      Understand GraphQL.","      Specialize in integrating and optimizing APIs.
      Explore API management platforms.
      Stay updated on emerging API technologies."
Project Manager,"Bachelor's or Master's degree in Project Management, Business, or a related field."," Project planning and execution.
       Team leadership and communication.
       Risk management and mitigation."," Project Management Professional (PMP), Certified ScrumMaster (CSM), etc.","Start with entrylevel project coordination roles.
       Progress to managing larger and more complex projects.","      Understand project management principles.
      Learn about project planning and scheduling.
","      Gain proficiency in project management tools (e.g., Jira, Microsoft Project).
      Develop leadership and team management skills.
      Understand risk management.","      Obtain a project management certification (e.g., PMP, PRINCE2).
      Specialize in agile or Scrum methodologies.
      Develop strategic project management skills."
Information Security Specialist,Similar to a Cyber Security Specialist.,"Information security policies and governance.
       Risk assessment and management.
       Security awareness training.","Certified Information Systems Security Professional (CISSP), Certified Information Security Manager (CISM), etc.", Progress from entrylevel security roles to specialized information security positions.,"      Understand information security fundamentals.
      Learn about access controls and identity management.
","      Gain proficiency in security incident response.
      Understand cryptography and encryption.
      Learn about security audits and assessments.","      Specialize in a specific area of information security (e.g., application security, cloud security).
      Stay updated on compliance standards.
      Obtain relevant certifications (e.g., CISSP, CISM)."
Technical Writer,"Bachelor's degree in English, Technical Writing, or a related field.","Writing and editing technical documentation.
       Ability to understand and explain complex technical concepts.
       Collaboration with subject matter experts.",Professional and Technical Writing Certifications.," Gain experience through internships or entrylevel technical writing positions.
       Develop a portfolio showcasing your documentation work.","      Develop strong writing and communication skills.
      Understand technical concepts.","      Gain proficiency in technical writing tools.
      Learn about document design and information architecture.
      Understand the audience and purpose of technical documentation.","      Specialize in a specific industry or technical domain.
      Develop skills in content management systems.
      Obtain technical writing certifications."
AI ML Specialist,"  Master's or Ph.D. in Artificial Intelligence, Machine Learning, Computer Science, or a related field.","Machine learning algorithms and frameworks (e.g., TensorFlow, PyTorch).
       Data preprocessing and feature engineering.
       Deep learning and neural networks.", Certifications in machine learning platforms and frameworks.,"Gain research or industry experience in machine learning.
       Contribute to opensource projects or build a strong portfolio.","      Learn programming languages (e.g., Python).
      Understand machine learning fundamentals.","      Gain proficiency in machine learning libraries (e.g., TensorFlow, PyTorch).
      Learn about data preprocessing and feature engineering.
      Understand model evaluation and validation.","      Specialize in a specific area of AI/ML (e.g., computer vision, natural language processing).
      Gain expertise in deep learning.
      Contribute to AI/ML research or projects."
Software tester, Bachelor's degree in Computer Science or a related field.,"Test planning and strategy.
       Test case design and execution.
       Automated testing tools.","ISTQB Certified Tester, Certified Agile Tester, etc.","Start with entrylevel testing roles.
       Gain experience in both manual and automated testing.","      Learn software testing fundamentals.
      Understand different testing types (e.g., unit testing, integration testing).","      Gain proficiency in test automation tools.
      Learn about continuous integration and continuous testing.
      Understand testing frameworks."," Specialize in performance testing or security testing.
      Gain expertise in test management tools.
      Obtain relevant testing certifications (e.g., ISTQB)."
Business Analyst,"Bachelor's or Master's degree in Business, Information Technology, or a related field.","Requirement elicitation and analysis.
       Business process modeling.
       Stakeholder communication."," Certified Business Analysis Professional (CBAP), PMI Professional in Business Analysis (PMIPBA), etc.","Start in entrylevel business analyst roles.
       Progress to roles involving more complex projects.","      Understand business processes and workflows.
      Develop strong analytical and problemsolving skills.","      Gain proficiency in business analysis tools.
      Learn about requirements elicitation and documentation.
      Understand data analysis and reporting.","      Specialize in a specific industry or domain.
      Develop skills in process improvement and optimization.
      Obtain relevant business analysis certifications (e.g., CBAP).
"
Customer Service Executive,Typically a high school diploma or equivalent.," Strong communication and interpersonal skills.
       Problemsolving and conflict resolution.
       Knowledge of products or services.",Customer service certifications or training programs.," Gain experience in customer service roles.
       Progress to supervisory or managerial position. ","      Develop strong communication and interpersonal skills.
      Understand customer service principles.
","      Gain proficiency in customer relationship management (CRM) tools.
      Learn about conflict resolution and problemsolving.
      Understand product knowledge.","      Specialize in customer service training and development.
      Develop skills in handling escalated issues.
      Obtain relevant customer service certifications."
Data Scientist,"Master's or Ph.D. in Data Science, Statistics, Computer Science, or a related field.","Statistical analysis and modeling.
       Machine learning and predictive modeling.
       Data visualization tools (e.g., Tableau, Power BI).",Data science certifications from reputable organizations.,"Gain experience in data analysis and modeling.
       Contribute to realworld data science projects.","      Learn programming languages (e.g., Python, R).
      Understand statistical analysis and hypothesis testing.
","      Gain proficiency in data manipulation and cleaning.
      Learn about machine learning algorithms and models.
      Understand data visualization tools.","      Specialize in big data technologies (e.g., Apache Spark).
      Develop skills in deep learning and neural networks.
      Contribute to data science projects and research."
Helpdesk Engineer, Bachelor's degree in Information Technology or a related field.," Technical troubleshooting and problemsolving.
       Customer support skills.
       Knowledge of IT systems and applications."," CompTIA A+, CompTIA Network+, etc.","Start with entrylevel helpdesk or technical support roles.
       Progress to more specialized support positions.","      Develop strong technical troubleshooting skills.
      Understand basic hardware and software issues.
","      Gain proficiency in helpdesk tools and ticketing systems.
      Learn about remote support technologies.
      Understand network troubleshooting.","      Specialize in a specific area (e.g., software support, hardware support).
      Develop skills in customer communication and support.
      Obtain relevant IT support certifications."
Graphics Designer,"Bachelor's degree in Graphic Design, Visual Arts, or a related field.","Proficiency in graphic design software (e.g., Adobe Creative Suite).
       Creativity and artistic skills.
       Understanding of design principles.",Certifications in graphic design tools or techniques.,"Build a portfolio showcasing your design work.
       Gain experience through internships or entrylevel design positions.","      Develop strong design principles and creativity.
      Learn graphic design software (e.g., Adobe Creative Cloud).
","      Gain proficiency in web design and multimedia.
      Understand user experience (UX) design.
      Learn about branding and marketing design.","      Specialize in a specific design area (e.g., UI/UX design, motion graphics).
      Stay updated on design trends and tools.
      Build a strong portfolio showcasing diverse projects."
